comparison,model,rep,estimate,ci_low,ci_high
Macro-F1,Gaussian Naive Bayes,A,0.7460714946939175,0.7000085644024533,0.7832523898876872
Macro-F1,Gaussian Naive Bayes,B,0.7360976757248507,0.6946408923556205,0.7718408850774077
B minus A,Gaussian Naive Bayes,-,-0.009973818969066794,-0.023005368438366005,0.005972534813299042
model minus persistence,Gaussian Naive Bayes,A,-0.1262770500125363,-0.16217741402763788,-0.09886123442202621
model minus persistence,Gaussian Naive Bayes,B,-0.1362508689816031,-0.16860554534100097,-0.1072600920507114
Macro-F1,Online Logistic Regression,A,0.8409936332827301,0.8174708193015862,0.863497264898912
Macro-F1,Online Logistic Regression,B,0.8318767243022871,0.8085200766654125,0.8533022667856215
B minus A,Online Logistic Regression,-,-0.00911690898044304,-0.01805750908390817,-0.0006783680928879908
model minus persistence,Online Logistic Regression,A,-0.03135491142372371,-0.04405246951353896,-0.021363967877470257
model minus persistence,Online Logistic Regression,B,-0.04047182040416675,-0.054319301269012236,-0.028977270692101115
Macro-F1,Hoeffding Tree,A,0.8524114296256192,0.8332138157373928,0.868086259588058
Macro-F1,Hoeffding Tree,B,0.8256056117633233,0.8053143893646934,0.8463754232606993
B minus A,Hoeffding Tree,-,-0.026805817862295966,-0.03697443543975032,-0.015386234795433924
model minus persistence,Hoeffding Tree,A,-0.019937115080834622,-0.026863281803151774,-0.013459894001691324
model minus persistence,Hoeffding Tree,B,-0.04674293294313059,-0.05837469156962176,-0.03394882762381107
Macro-F1,Online Bagging,A,0.8625254635662795,0.8471713409679711,0.8773302449454019
Macro-F1,Online Bagging,B,0.8420296631305635,0.8227910594093646,0.8611292781923565
B minus A,Online Bagging,-,-0.020495800435715972,-0.028199985317799305,-0.012373977887486629
model minus persistence,Online Bagging,A,-0.009823081140174383,-0.014809085801854588,-0.00437021537840904
model minus persistence,Online Bagging,B,-0.030318881575890355,-0.03972573869973861,-0.0198724895274185
Macro-F1,Adaptive Random Forest,A,0.8512521123431451,0.8339063718598846,0.8684232539099803
Macro-F1,Adaptive Random Forest,B,0.8186197191388609,0.7975606807818117,0.8402398821394174
B minus A,Adaptive Random Forest,-,-0.03263239320428424,-0.04202315641339399,-0.021620679447098216
model minus persistence,Adaptive Random Forest,A,-0.021096432363308715,-0.028293550585900662,-0.013907795484857828
model minus persistence,Adaptive Random Forest,B,-0.05372882556759295,-0.06515495130282148,-0.04125423017399611
Macro-F1,Baseline: persistence,-,0.8723485447064538,0.8577274910378108,0.8856991795685724
