rep,month,model,macro_f1
A,2025-04,Gaussian Naive Bayes,0.7995604395604395
A,2025-04,Online Logistic Regression,0.8232727272727274
A,2025-04,Hoeffding Tree,0.858793324775353
A,2025-04,Online Bagging,0.8588779172327095
A,2025-04,Adaptive Random Forest,0.8627516712350377
A,2025-04,Baseline: persistence,0.8912959080673966
A,2025-05,Gaussian Naive Bayes,0.7400600936342674
A,2025-05,Online Logistic Regression,0.8401507263622392
A,2025-05,Hoeffding Tree,0.852219465122691
A,2025-05,Online Bagging,0.8593306863301191
A,2025-05,Adaptive Random Forest,0.8507844922013605
A,2025-05,Baseline: persistence,0.877832512315271
A,2025-06,Gaussian Naive Bayes,0.4987558502608923
A,2025-06,Online Logistic Regression,0.718908318352672
A,2025-06,Hoeffding Tree,0.8118722542929706
A,2025-06,Online Bagging,0.8309545875810936
A,2025-06,Adaptive Random Forest,0.805978947368421
A,2025-06,Baseline: persistence,0.837037962037962
A,2025-07,Gaussian Naive Bayes,0.5194392908678622
A,2025-07,Online Logistic Regression,0.8019904931669638
A,2025-07,Hoeffding Tree,0.7905740043364144
A,2025-07,Online Bagging,0.8059049171140822
A,2025-07,Adaptive Random Forest,0.7872198651401816
A,2025-07,Baseline: persistence,0.8313261006602302
A,2025-08,Gaussian Naive Bayes,0.5964939904476985
A,2025-08,Online Logistic Regression,0.8531385708645874
A,2025-08,Hoeffding Tree,0.8715025906735752
A,2025-08,Online Bagging,0.8806492540578379
A,2025-08,Adaptive Random Forest,0.8495986681728998
A,2025-08,Baseline: persistence,0.8950989791889911
A,2025-09,Gaussian Naive Bayes,0.6646173430382852
A,2025-09,Online Logistic Regression,0.8723049434187016
A,2025-09,Hoeffding Tree,0.8614183525763901
A,2025-09,Online Bagging,0.8591787031901811
A,2025-09,Adaptive Random Forest,0.8625021218808351
A,2025-09,Baseline: persistence,0.8773221532646971
A,2025-10,Gaussian Naive Bayes,0.6848729326341266
A,2025-10,Online Logistic Regression,0.7319838751179346
A,2025-10,Hoeffding Tree,0.8170355466130114
A,2025-10,Online Bagging,0.8246536805443847
A,2025-10,Adaptive Random Forest,0.7669720460418135
A,2025-10,Baseline: persistence,0.8330505027838941
A,2025-11,Gaussian Naive Bayes,0.8248317249209309
A,2025-11,Online Logistic Regression,0.8623765530423702
A,2025-11,Hoeffding Tree,0.8823481351362392
A,2025-11,Online Bagging,0.8808078578523342
A,2025-11,Adaptive Random Forest,0.864832906263181
A,2025-11,Baseline: persistence,0.880822558030846
A,2025-12,Gaussian Naive Bayes,0.7688383045525903
A,2025-12,Online Logistic Regression,0.7835951134380453
A,2025-12,Hoeffding Tree,0.8101150442262771
A,2025-12,Online Bagging,0.813971920289855
A,2025-12,Adaptive Random Forest,0.7949838867871655
A,2025-12,Baseline: persistence,0.825625
A,2026-01,Gaussian Naive Bayes,0.8229713548862484
A,2026-01,Online Logistic Regression,0.883151797344863
A,2026-01,Hoeffding Tree,0.8788688129633933
A,2026-01,Online Bagging,0.880303346912811
A,2026-01,Adaptive Random Forest,0.8775447502980915
A,2026-01,Baseline: persistence,0.8859686895595373
A,2026-02,Gaussian Naive Bayes,0.8921615376150827
A,2026-02,Online Logistic Regression,0.923149885976065
A,2026-02,Hoeffding Tree,0.9229314473965302
A,2026-02,Online Bagging,0.9230435866287334
A,2026-02,Adaptive Random Forest,0.9264367816091954
A,2026-02,Baseline: persistence,0.9248705358340712
A,2026-03,Gaussian Naive Bayes,0.7174988552985717
A,2026-03,Online Logistic Regression,0.7974591651542651
A,2026-03,Hoeffding Tree,0.836292667993265
A,2026-03,Online Bagging,0.8480873624400651
A,2026-03,Adaptive Random Forest,0.8213402280574549
A,2026-03,Baseline: persistence,0.8604118336508133
A,2026-04,Gaussian Naive Bayes,0.779677144857247
A,2026-04,Online Logistic Regression,0.8476609044577004
A,2026-04,Hoeffding Tree,0.8457241847678054
A,2026-04,Online Bagging,0.8633624440076053
A,2026-04,Adaptive Random Forest,0.8519013080027921
A,2026-04,Baseline: persistence,0.8729317274425512
A,2026-05,Gaussian Naive Bayes,0.716616321035423
A,2026-05,Online Logistic Regression,0.8112002376708258
A,2026-05,Hoeffding Tree,0.8338416774078281
A,2026-05,Online Bagging,0.8361634450697333
A,2026-05,Adaptive Random Forest,0.8276439452809994
A,2026-05,Baseline: persistence,0.8422512276416558
A,2026-06,Gaussian Naive Bayes,0.6070927414210996
A,2026-06,Online Logistic Regression,0.8670037120539272
A,2026-06,Hoeffding Tree,0.8434051943642844
A,2026-06,Online Bagging,0.8749948935822542
A,2026-06,Adaptive Random Forest,0.8580664801834557
A,2026-06,Baseline: persistence,0.8796590339294669
A,2026-07,Gaussian Naive Bayes,0.47935619314205735
A,2026-07,Online Logistic Regression,0.6764872381796254
A,2026-07,Hoeffding Tree,0.7499939994719536
A,2026-07,Online Bagging,0.735903667094449
A,2026-07,Adaptive Random Forest,0.8036680300831244
A,2026-07,Baseline: persistence,0.7579537293368772
A,2026-08,Gaussian Naive Bayes,0.6882855706385118
A,2026-08,Online Logistic Regression,0.7987784940680668
A,2026-08,Hoeffding Tree,0.7862732919254658
A,2026-08,Online Bagging,0.8362652034214118
A,2026-08,Adaptive Random Forest,0.8196991957348198
A,2026-08,Baseline: persistence,0.8392836102274066
A,2026-09,Gaussian Naive Bayes,0.5310198314477257
A,2026-09,Online Logistic Regression,0.7544642857142858
A,2026-09,Hoeffding Tree,0.7483146067415729
A,2026-09,Online Bagging,0.7965246520861048
A,2026-09,Adaptive Random Forest,0.7555419745541418
A,2026-09,Baseline: persistence,0.8132443161313605
B,2025-04,Gaussian Naive Bayes,0.7152301042461225
B,2025-04,Online Logistic Regression,0.8079091738614785
B,2025-04,Hoeffding Tree,0.7258662989922747
B,2025-04,Online Bagging,0.7814406218218156
B,2025-04,Adaptive Random Forest,0.7710756562017498
B,2025-04,Baseline: persistence,0.8912959080673966
B,2025-05,Gaussian Naive Bayes,0.6665595811767506
B,2025-05,Online Logistic Regression,0.7722248614410135
B,2025-05,Hoeffding Tree,0.8142101195076996
B,2025-05,Online Bagging,0.7900909620116641
B,2025-05,Adaptive Random Forest,0.8254362824675325
B,2025-05,Baseline: persistence,0.877832512315271
B,2025-06,Gaussian Naive Bayes,0.4610778443113772
B,2025-06,Online Logistic Regression,0.7178683385579937
B,2025-06,Hoeffding Tree,0.7919341563786008
B,2025-06,Online Bagging,0.7751032512079716
B,2025-06,Adaptive Random Forest,0.7547126958891666
B,2025-06,Baseline: persistence,0.837037962037962
B,2025-07,Gaussian Naive Bayes,0.48047595106418634
B,2025-07,Online Logistic Regression,0.7848467322151533
B,2025-07,Hoeffding Tree,0.7967961872975067
B,2025-07,Online Bagging,0.7921283034830677
B,2025-07,Adaptive Random Forest,0.8048568715235382
B,2025-07,Baseline: persistence,0.8313261006602302
B,2025-08,Gaussian Naive Bayes,0.6343290330951885
B,2025-08,Online Logistic Regression,0.8594416785206258
B,2025-08,Hoeffding Tree,0.8789299632895438
B,2025-08,Online Bagging,0.8601169110860425
B,2025-08,Adaptive Random Forest,0.8337391058889947
B,2025-08,Baseline: persistence,0.8950989791889911
B,2025-09,Gaussian Naive Bayes,0.6667535853976532
B,2025-09,Online Logistic Regression,0.8241407294377809
B,2025-09,Hoeffding Tree,0.8434169892566656
B,2025-09,Online Bagging,0.8506142506142507
B,2025-09,Adaptive Random Forest,0.8434051943642844
B,2025-09,Baseline: persistence,0.8773221532646971
B,2025-10,Gaussian Naive Bayes,0.7144336338480763
B,2025-10,Online Logistic Regression,0.7560473954840152
B,2025-10,Hoeffding Tree,0.757391304347826
B,2025-10,Online Bagging,0.8069968395476718
B,2025-10,Adaptive Random Forest,0.7155951612704337
B,2025-10,Baseline: persistence,0.8330505027838941
B,2025-11,Gaussian Naive Bayes,0.8150861341506069
B,2025-11,Online Logistic Regression,0.8594969258777119
B,2025-11,Hoeffding Tree,0.8658934396520479
B,2025-11,Online Bagging,0.8776881885886625
B,2025-11,Adaptive Random Forest,0.8284011916583913
B,2025-11,Baseline: persistence,0.880822558030846
B,2025-12,Gaussian Naive Bayes,0.7287641268683922
B,2025-12,Online Logistic Regression,0.7773176452116228
B,2025-12,Hoeffding Tree,0.7836693836693835
B,2025-12,Online Bagging,0.8050084756969909
B,2025-12,Adaptive Random Forest,0.7669826094123464
B,2025-12,Baseline: persistence,0.825625
B,2026-01,Gaussian Naive Bayes,0.7754211399144628
B,2026-01,Online Logistic Regression,0.8862609522090448
B,2026-01,Hoeffding Tree,0.8588539527413446
B,2026-01,Online Bagging,0.8702850315753541
B,2026-01,Adaptive Random Forest,0.8362051251944698
B,2026-01,Baseline: persistence,0.8859686895595373
B,2026-02,Gaussian Naive Bayes,0.8578752980411102
B,2026-02,Online Logistic Regression,0.9216691922135447
B,2026-02,Hoeffding Tree,0.9122533701946023
B,2026-02,Online Bagging,0.918487636572743
B,2026-02,Adaptive Random Forest,0.9007083307214945
B,2026-02,Baseline: persistence,0.9248705358340712
B,2026-03,Gaussian Naive Bayes,0.7468575579080469
B,2026-03,Online Logistic Regression,0.8209656131276328
B,2026-03,Hoeffding Tree,0.7749546279491832
B,2026-03,Online Bagging,0.8475046475046475
B,2026-03,Adaptive Random Forest,0.7866020778889666
B,2026-03,Baseline: persistence,0.8604118336508133
B,2026-04,Gaussian Naive Bayes,0.7531189829346134
B,2026-04,Online Logistic Regression,0.8498765432098765
B,2026-04,Hoeffding Tree,0.8572723816208943
B,2026-04,Online Bagging,0.8499461013295007
B,2026-04,Adaptive Random Forest,0.791558103178739
B,2026-04,Baseline: persistence,0.8729317274425512
B,2026-05,Gaussian Naive Bayes,0.7737914259653391
B,2026-05,Online Logistic Regression,0.8023651405802436
B,2026-05,Hoeffding Tree,0.7935293418031111
B,2026-05,Online Bagging,0.8221835958718088
B,2026-05,Adaptive Random Forest,0.8026036900016992
B,2026-05,Baseline: persistence,0.8422512276416558
B,2026-06,Gaussian Naive Bayes,0.5713738997321087
B,2026-06,Online Logistic Regression,0.8534664346551882
B,2026-06,Hoeffding Tree,0.8442307692307692
B,2026-06,Online Bagging,0.8460256185295667
B,2026-06,Adaptive Random Forest,0.8185185185185184
B,2026-06,Baseline: persistence,0.8796590339294669
B,2026-07,Gaussian Naive Bayes,0.47935619314205735
B,2026-07,Online Logistic Regression,0.6845746845746845
B,2026-07,Hoeffding Tree,0.7501491145851608
B,2026-07,Online Bagging,0.6873815546885049
B,2026-07,Adaptive Random Forest,0.7031537313950664
B,2026-07,Baseline: persistence,0.7579537293368772
B,2026-08,Gaussian Naive Bayes,0.6882703117545789
B,2026-08,Online Logistic Regression,0.7783434590277071
B,2026-08,Hoeffding Tree,0.7605972848467075
B,2026-08,Online Bagging,0.8109726991361655
B,2026-08,Adaptive Random Forest,0.7866122787169967
B,2026-08,Baseline: persistence,0.8392836102274066
B,2026-09,Gaussian Naive Bayes,0.4900580344401104
B,2026-09,Online Logistic Regression,0.6824720946500806
B,2026-09,Hoeffding Tree,0.6853146853146853
B,2026-09,Online Bagging,0.771994472593275
B,2026-09,Adaptive Random Forest,0.7409028097650852
B,2026-09,Baseline: persistence,0.8132443161313605
