time,wind_speed,precipitation,kind
2026-01-28 05:00:00,47.6,9.5,top_wind
2025-03-20 02:00:00,44.9,2.9,top_wind
2025-11-15 11:00:00,44.6,1.7,top_wind
2026-01-28 06:00:00,42.3,2.5,top_wind
2025-03-20 03:00:00,42.0,3.8,top_wind
2025-03-20 01:00:00,41.3,3.2,top_wind
2026-02-07 15:00:00,40.8,0.0,top_wind
2026-01-28 04:00:00,39.7,7.5,top_wind
2026-02-02 04:00:00,39.5,6.9,top_wind
2025-03-08 06:00:00,38.8,5.0,top_wind
2025-01-27 08:00:00,26.3,10.6,top_precip
2026-01-28 05:00:00,47.6,9.5,top_precip
2025-02-07 15:00:00,18.5,9.1,top_precip
2025-01-22 12:00:00,24.1,8.9,top_precip
2026-08-26 13:00:00,16.8,8.4,top_precip
2026-01-22 21:00:00,19.7,8.3,top_precip
2025-11-05 07:00:00,25.2,7.5,top_precip
2026-01-28 04:00:00,39.7,7.5,top_precip
2025-02-11 14:00:00,21.4,7.4,top_precip
2025-11-05 08:00:00,28.4,7.4,top_precip
