,period,count,mean,std,min,5%,50%,95%,max
temperature,warmup,2160.0,10.820231481481482,3.368519347690646,0.7,5.1,10.8,16.2,22.0
relative_humidity,warmup,2160.0,83.78333333333333,14.145289250017168,40.0,55.95,88.0,99.0,100.0
precipitation,warmup,2160.0,0.19986111111111113,0.71134847654805,0.0,0.0,0.0,1.104999999999973,10.6
wind_speed,warmup,2160.0,12.165092592592591,6.760274392145721,0.4,3.1,11.2,25.1,44.9
temperature,evaluation,13152.0,18.81894008515815,7.806568110690718,1.7,7.6,17.9,33.3,41.1
relative_humidity,evaluation,13152.0,66.10614355231144,23.848592545592087,9.0,24.0,69.0,98.0,100.0
precipitation,evaluation,13152.0,0.07208789537712895,0.40672652595389813,0.0,0.0,0.0,0.3,9.5
wind_speed,evaluation,13152.0,12.061306265206811,6.1114668058929915,0.2,3.2,11.6,22.6,47.6
temperature,full,15312.0,17.690595611285268,7.854788935006992,0.7,7.0,16.5,32.7,41.1
relative_humidity,full,15312.0,68.59979101358412,23.549895502274843,9.0,26.0,73.0,98.0,100.0
precipitation,full,15312.0,0.0901123301985371,0.4641341211869766,0.0,0.0,0.0,0.4,10.6
wind_speed,full,15312.0,12.075946969696972,6.206972253585904,0.2,3.2,11.6,23.1,47.6
