city,rep,model,n_eval,accuracy,macro_f1,precision_event,recall_event,TN,FP,FN,TP,predict_ms_per_event,update_ms_per_event
evora,A,Gaussian Naive Bayes,15312,0.8365334378265413,0.7604077683300412,0.966682091624248,0.46216814159292036,10720,72,2431,2089,0.40191792711598745,0.01934984326018809
evora,A,Online Logistic Regression,15312,0.8940047021943573,0.8685037901220807,0.8577426525067918,0.768362831858407,10216,576,1047,3473,0.02140653735632184,0.04460771290491118
evora,A,Hoeffding Tree,15312,0.8950496342737722,0.8736381515007469,0.8244597905992426,0.8188053097345133,10004,788,819,3701,0.039977775600835944,0.09422586859979101
evora,A,Online Bagging,15312,0.901907001044932,0.8801008739375858,0.8540591271703426,0.8053097345132744,10170,622,880,3640,0.1446642698537095,0.4196378722570533
evora,A,Adaptive Random Forest,15312,0.8926332288401254,0.869156195857783,0.8339526242452392,0.7944690265486726,10077,715,929,3591,0.1774549699582027,1.01937315830721
evora,A,Baseline: classe maioritária,15312,0.7048066875653083,0.4134232301562979,0.0,0.0,10792,0,4520,0,0.0,0.0
evora,A,Baseline: persistência (y_t-1),15312,0.9024947753396029,0.8828292286971113,0.8349192299181235,0.8347345132743362,10046,746,747,3773,0.0,0.0
evora,B,Gaussian Naive Bayes,15312,0.8087774294670846,0.7434657356189582,0.7596216568819308,0.5152654867256637,10055,737,2191,2329,0.5437362656739811,0.06043514890282132
evora,B,Online Logistic Regression,15312,0.8876044932079414,0.861018434736784,0.8417582417582418,0.7626106194690265,10144,648,1073,3447,0.04623580198537095,0.12737109456635318
evora,B,Hoeffding Tree,15312,0.8926332288401254,0.8750070880662664,0.78520428401428,0.8758849557522124,9709,1083,561,3959,0.03887604493207941,0.30602596003134797
evora,B,Online Bagging,15312,0.8935475444096134,0.8657249974074175,0.8780743066457353,0.7424778761061946,10326,466,1164,3356,0.2160012343260188,1.412990856844305
evora,B,Adaptive Random Forest,15312,0.8697100313479624,0.8389139678878486,0.8081523065657799,0.7325221238938053,10006,786,1209,3311,0.20250491771159873,1.4738130485893417
evora,B,Baseline: classe maioritária,15312,0.7048066875653083,0.4134232301562979,0.0,0.0,10792,0,4520,0,0.0,0.0
evora,B,Baseline: persistência (y_t-1),15312,0.9024947753396029,0.8828292286971113,0.8349192299181235,0.8347345132743362,10046,746,747,3773,0.0,0.0
